,ING5,FOXP1
TCGA-AB-2998,6.4296174,6.0604587
TCGA-AB-3007,6.287075,6.276118
TCGA-AB-2919,6.0999665,6.6573496
